k,Rand,Dunn
4.0,0.7845750128008192,0.5116291612816354
6.0,0.8420720259429937,0.4777784263758073
8.0,0.8574927462024237,0.40582457675164996
10.0,0.8616914149172216,0.4217554265778048
