Scalar,Rand,Dunn
0.01,0.836862092507254,0.5881118329560042
0.001,0.8495178358081583,0.4907907325678074
0.0001,0.8023980201399554,0.46471211578557053
